Case number,GPT Answer,Human-AI Answer,Correct Answer,Human Answer
1,USUALLY APPROPRIATE,UA,UA,UA
2,MAY BE APPROPRIATE,UA,MBA,UA
3,MAY BE APPROPRIATE,UNA,UNA,UNA
4,INSUFFICIENT INFORMATION,ICI,ICI,ICI
5,MAY BE APPROPRIATE,UNA,MBA,UA
6,USUALLY APPROPRIATE,UA,UA,UA
7,USUALLY APPROPRIATE,MBA,UA,UA
8,USUALLY NOT APPROPRIATE,UNA,UNA,MBA
9,USUALLY APPROPRIATE,UA,UA,UA
10,USUALLY APPROPRIATE,UA,UA,UA
11,MAY BE APPROPRIATE,UNA,MBA,UNA
12,INSUFFICIENT INFORMATION,UNA,UNA,UA
13,USUALLY APPROPRIATE,UA,UA,UA
14,USUALLY APPROPRIATE,MBA,MBA,MBA
15,USUALLY APPROPRIATE,UNA,UA,MBA
16,INSUFFICIENT INFORMATION,ICI,ICI,ICI
17,USUALLY NOT APPROPRIATE,UNA,UNA,UNA
18,USUALLY NOT APPROPRIATE,UNA,UNA,UNA
19,USUALLY APPROPRIATE,MBA,UA,UNA
20,INSUFFICIENT INFORMATION,ICI,ICI,ICI
21,USUALLY NOT APPROPRIATE,UNA,UNA,UNA
22,INSUFFICIENT INFORMATION,MBA,MBA,MBA
23,USUALLY NOT APPROPRIATE,UNA,UNA,UNA
24,USUALLY APPROPRIATE,MBA,UA,UA
25,USUALLY APPROPRIATE,UA,UA,UA
26,MAY BE APPROPRIATE,MBA,MBA,UNA
27,INSUFFICIENT INFORMATION,ICI,ICI,ICI
28,INSUFFICIENT INFORMATION,UNA,UNA,UNA
29,USUALLY NOT APPROPRIATE,UNA,UNA,UNA
30,USUALLY NOT APPROPRIATE,UNA,UNA,UNA
31,USUALLY APPROPRIATE,UA,UA,UA
32,USUALLY NOT APPROPRIATE,UNA,UNA,UNA
33,MAY BE APPROPRIATE,MBA,MBA,UA
34,INSUFFICIENT INFORMATION,ICI,ICI ,ICI
35,USUALLY APPROPRIATE,UA,UA,UA
36,USUALLY APPROPRIATE,UA,UA,UA
37,MAY BE APPROPRIATE,UNA,MBA,UA
38,USUALLY NOT APPROPRIATE,UNA,UNA,UNA
39,USUALLY NOT APPROPRIATE,UNA,UNA,UNA
40,USUALLY APPROPRIATE,UA,UA,UA
41,USUALLY NOT APPROPRIATE,UNA,UNA,UNA
42,INSUFFICIENT INFORMATION,ICi,ICI,ICI
43,MAY BE APPROPRIATE,MBA,MBA,UA
44,USUALLY APPROPRIATE,UNA,UA,UNA
45,USUALLY APPROPRIATE,UA,UA,UNA
46,USUALLY APPROPRIATE,UA,MBA,UNA
47,INSUFFICIENT INFORMATION,ICI,ICI,ICI
48,MAY BE APPROPRIATE,MBA,MBA,UNA
49,USUALLY APPROPRIATE,UA,UA,UA
50,MAY BE APPROPRIATE,MBA,UA,UA
51,USUALLY NOT APPROPRIATE,UNA,UNA,UNA
52,INSUFFICIENT INFORMATION,ICI,ICI,ICI
53,INSUFFICIENT INFORMATION,UNA,MBA,UNA
54,USUALLY APPROPRIATE,UNA,UNA,UNA
55,USUALLY NOT APPROPRIATE,UNA,UNA,UNA
56,USUALLY NOT APPROPRIATE,MBA,UNA,MBA
57,INSUFFICIENT INFORMATION,ICI,ICI,ICI
58,MAY BE APPROPRIATE,MBA,MBA,UNA
59,USUALLY NOT APPROPRIATE,UNA,UNA,UNA
60,USUALLY NOT APPROPRIATE,UNA,UNA,UNA
61,USUALLY APPROPRIATE,UA,UNA,UA
62,USUALLY NOT APPROPRIATE,UNA,UNA,UNA
63,USUALLY APPROPRIATE,UA,UA,UA
64,USUALLY NOT APPROPRIATE,UNA,UNA,UNA
65,INSUFFICIENT INFORMATION,ICI,ICI,ICI
66,USUALLY APPROPRIATE,UNA,UA,UNA
67,USUALLY APPROPRIATE,UA,UA,UNA
68,USUALLY APPROPRIATE,UNA,UNA,UNA
69,MAY BE APPROPRIATE,UNA,MBA,UNA
70,USUALLY NOT APPROPRIATE,MBA,UNA,MBA
